title,label
World's most popular candy to be removed from shelves by October 2017!,false
Browse Congressional Bills,true
Supreme Court Vacancy Video,true
U.S. Imports & Exports,true
Dying 78 Year Old CIA Agent Admits To Killing Marilyn Monroe,false
PolitiFact’s annotated transcript of the second presidential debate,true
Application for ‘March For Our Lives’ permit was made months before Parkland school shooting,false
WATCH LIVE: Tim Kaine and Corey Stewart meet for first U.S. Senate debate in Virginia,true
Washington State Legislature votes to change its name because George Washington owned Slaves,false
There’s another choice – Gov. Gary Johnson – Medium,true
American News is under construction,false
BREAKING: Meryl Streep Just Got Fired From A Major Project For Lying About Trump -,false
Breaking: Mar-A-Lago Destroyed By Irma-Jared Kushner Still Missing,false
New Regulation Requires 75 MPH Governor On All Motorcycles,false
Philando Castile Had Been Stopped 52 Times By Police,true
UF requests to cancel Rivalry game against FSU,false
Lindsey Graham Threatens To Convert To Democrat If Republicans Don’t Dump Trump – True Trumpers,false
US Government Accountability Office Report to Congressional Committees,true
"Whoopi Goldberg Humiliated, Handcuffed And Dragged Out Of The TV Studio",false
Bill Clinton’s Hitman Confesses On His Deathbed (SOURCE: HANNITY),false
CNN To Permanently Close Its Doors As Ratings Plunge 30 Percent,false
Sen. Gregg: President Obama's Budget Proposal Is a 'Disaster',true
comments at the CNN Republican presidential debate in Las Vegas,true
"Briefing by White House Press Secretary Robert Gibbs, 9/10/09",true
 Breaking President Trump makes English the official language of the United States,false
Clinton's Lead Over Trump Shrinks to 3 Points: New NBC News/WSJ Poll,true
Cannibals Arrested in Florida Claim Eating Human Flesh Cures Diabetes and Depression,false
Sen. Barack Obama's answer to meeting energy demands,true
Transcript: NPR's Full Interview With Sen. Marco Rubio,true
McCain Campaigns In Nashville,true
'This Week' Transcript: Kaine and Steele,true
U.S. Senator Rand Paul of Kentucky,true
Sarah Palin Calls To Boycott Mall Of America Because “Santa Was Always White In The Bible”,false
Bachmann: “White People Have Suffered More In The Last 8 Years Than Blacks Did During Couple Years Of Slavery”,false
"Somali Immigrant Crashes Car Into Ohio Families Home, Killing The Infant At Home",false
Gross Domestic Product Percent change from preceding period,true
Trump Removing Marines From the Navy,false
CPD: 2008 Debate Transcript,true
'This Week' Transcript: Holder and Giuliani,true
Should ISIS' gains lead to more U.S. troops in Iraq?,true
spreadsheet with key indicators from OECD Health Data 2009 health care expenditures per capita,true
"This Labor Day, we need protests",true
Palin-Huey,true
The page you're looking for may have been moved or renamed,true
"Trump asking Congress, not Mexico, to pay for border wall",true
"New Star Wars Movie Filming Near Rosenberg, Texas, Large Number of Extras Needed – WBN 12 News",false
"Peter Strzok, FBI Agent in Texting Scandal, Will Testify Before Congress",false
The Legislative Process,false
Leonardo DiCaprio Tells President Obama That He's Going to Mars,false
Trump’s DHS Secretary Confirms They Are Preparing To Arrest Sanctuary City Leaders,false
Country of Origin Labeling (COOL),true
Iraq pullout could create chaos,true
Transcript: Vice Presidential Debate,true
Executive Order Protecting the Nation from Foreign Terrorist Entry into the United States,true
Maxine Waters Is Getting Criminally Charged!,false
Critical Mention,true
Pier 39 Terrorist Was an Anti-Trump Antifa Supporter,false
The Republican Road to Recovery,true
Change We Can Believe In,true
What Carly is doing tonight – Carly Fiorina – Medium,true
Full text: Jeff Flake on Trump speech transcript,true
"""Face the Nation"" transcripts, August 26, 2012: Rubio, Priebus, Barbour, Blackburn",true
ELECTORAL COLLEGE ELECTOR COMMITS SUICIDE TO AVOID VOTING FOR DONALD TRUMP,false
THIS ARTICLE RETRACTED: Red Crescent Says No Evidence of Chemical Attack in Syria’s Douma,false
JUST IN: WaPo Reporter Who Broke News On Judge Roy Moore Story Has A Criminal History Of “Faking” * 100PercentFedUp.com,false
Pro-Lifers Declare “Ejaculation Is Murder: Every Sperm Cell Is A Life”,false
"Actor Brad Pitt: 'Trump Is Not My President, We Have No Future With This...'",false
Organizing for Action,true
No More Dragging Up the Rear Arkansas Bows To Pressures To Put Schools To the Test,true
MoveOn.org Political Action: General Petraeus or General Betray Us?,true
Remarks of Senator Barack Obama An Agenda for MiddleClass Success,true
Centers for Disease Control and Prevention,true
FDA Announced That Vaccines Are Causing Autism,false
Take action,true
Border Security The Role of the US Border Patrol,true
Tom Price: “It’s Better For Our Budget If Cancer Patients Die More Quickly”,false
JUST IN: John Kerry Facing Prison,false
Table B46 Employees on nonagricultural payrolls by major industry 19552006,true
foreign policy speech,true
SPECIAL REPORT: GEORGIA BECOMES FIRST STATE TO BAN MUSLIM CULTURE IN HISTORIC MOVE TO RESTORE WESTERN VALUES!,false
Youngest World Leader Bans George Soros’s Foundations From Austria,false
"CNN's Don Lemon: Bill O'Reilly's Criticism Of Black Community ""Doesn't Go Far Enough""",true
Economy Protect Homeownership and Crack Down on Mortgage Fraud,true
Trump Declares Globalist Soros As “National Security Threat”…Using Obama’s 2014 Executive Order,false
"McCAIN, John Sidney, III",true
‘NASA Confirms’ 15 Days Of Darkness Coming This Month,false
Mourning in America,true
alternativemediasyndicate.com,false
Popular baby names,true
Colorado Rockies Baseball Team To Sell Marijuana Brownies At Their Concession Stands,false
"Donald Trump Protester Speaks Out: “I Was Paid $3,500 To Protest Trump’s Rally”",false
"Senator Biden’s Remarks in Springfield, Ill.",true
Trump Nation,false
BREAKING: PUTIN INTERFERENCE COULD GIVE COURTS LEGAL RIGHT TO MAKE HILLARY PRESIDENT,false
Libtard Hero Al Franken Forced To Resign In Disgrace,false
Cravaack Passes Amendment to Improve US Aviation Security in Opposition to Obamas Planned Disarming of Federal Flight Deck Officers,true
Top Presidential Candidate 2008 Websites,true
Harry Reid,true
"Joni Ernst ""Promises"" Ad",true
Estonia Might Have The Most Efficient Tax Filing System In The World,true
Georgia crisis triggers war of words on White House trail,true
"BREAKING: Trump fires Deputy Attorney General Rod Rosenstein, raising questions over Mueller’s fate",false
Top Picks (Most Requested Statistics) : U.S. Bureau of Labor Statistics,true
alert to members on abortion coverage in the House health care bill,true
Transcripts,true
Uniform Crime Reports,true
Food Stamp Enrollment Drops by Four Million in One Month,false
"Obama for America TV Ad: ""Firms""",true
"'This Week' Transcript: Madeleine Albright, Sen. Lindsey Graham, Sen. Kent Conrad and David Cote",true
The numbers don't lie... - Occupy Democrats,false
Obama campaign radio ad,true
Arizona Department of Public Safety,true
Barack Obama Challenges John McCain To Duel Over Taxes,true
"Bin Laden is “Alive and well in the Bahamas”, says Edward Snowden",false
proudleader.com,false
 Friendly Fire … Charlottesville Car attacker is antiTrump Antifa supporter,false
An Open Letter to 'All Barack Channel',true
Teamsters Tout ANWR on Capitol Hill,true
Full Interview Transcript: President Barack Obama,true
Noted and Quoted,true
Barrels removed from Clinton property contain parts from 3 missing women.,false
Rice told investigators why she unmasked Trump aides,false
CQ Vote Studies,true
BREAKING: Federal Judge Grants Permission To Subpoena Trump,false
"ABC News Joins Obama In Ban Of American Flag Lapel Pins, Here’s What You Need To Know",false
U.S. Senate: U.S. Senate Roll Call Votes 110th Congress,true
"CIA Release Documents Of Moon, Moon Has More Than 250 Million Citizens",false
BREAKING: Leaked Picture Of Obama Being Dragged Before A Judge In Handcuffs For Wiretapping Trump,false
"Oprah Winfrey: The Butler, racism and Obama",false
Giuliani in New Hampshire,true
Interview with Rudy Giuliani,true
Action for 25th Legislature,true
Jeb Bush 2016 Same Resume Right to Rise USA PAC,true
Oscar Pistorius Attempts To Commit Suicide,false
"Outlook, Office, Skype, Bing, Breaking News, and Latest Videos",true
Fox News Sandra Smith: “Everybody Could See From The United Airlines Passenger’s Behavior That He Was Not A Genuine American”,false
"BREAKING: Barron Trump Rushed To The Hospital, Hospital Releases Statement On His Condition",false
Senate Passes Obama-Hagel Provision Aimed at Preventing Nuclear Terrorism,true
"Budget of the United States Government, FY 2008",true
FBI uncovered Russian bribery plot before Obama administration approved controversial nuclear deal with Moscow,false
BREAKING: Fox Sports Cancels ALL NFL Broadcasts ‘Until Players Respect The Flag’,false
Sid Miller,false
Alabama Secretary of State,false
"""New Energy"" Ad",true
Starbucks Just Placed Trump’s Photo on Floor so Every Customer have to Step On It….,false
McCain: McSame as Bush,true
Man pardoned by Obama ‘executed’ by masked men at halfway house,false
BREAKING: Bill O’Reilly In Critical Condition After Being Attacked By ‘Tolerant’ Liberals,false
Preventing the Flu: Good Health Habits Can Help Stop Germs,true
"McCain, Obama go head to head in last debate",true
Social Security Trustees Report 2007,true
"Palin: Pioneer, maverick -- and now game-changer",true
"Outlook, Office, Skype, Bing, Breaking News, and Latest Videos",true
Southwest Airlines 2017,false
Federal Election Commission filing,true
GOP Official Who Says America Needs ?Another 9/11? Shares _______________ With Trump,false
Trump warns Russia over Jehovah’s Witnesses ban and urges members to seek asylum in the US,false
82-Year-Old Who Killed A Muslim In Self-Defense Gets The Death Penalty,false
BREAKING: President Trump Signs Executive Order Stripping NFL Of ‘Non-Profit’ Status,false
"Barack Obama Tweets SICK Attack On John McCain, Says He Should Have Died",false
Prince William May Not Attend Royal Wedding Leaving Harry Without a Best Man; Princess Diana Would Not Be Happy,false
"Legendary Actor Kirk Douglas Dead, 4 Days Before His 101st Birthday",false
LexisNexis(R) Publisher,true
"Nancy Pelosi Suffers Breakdown, Taken From Capitol Hill On A Stretcher",false
Friend of Israel also woos Palestinians Visiting Obama focuses on Israels right to defend itself,true
2007 Federal Tax Rate Schedules,true
'This Week' Transcript: Geithner,true
George H.W. Bush has died at 94 – New York,false
Post claiming free tickets on Allegiant Air,false
"Outlook, Office, Skype, Bing, Breaking News, and Latest Videos",true
Texas church shooter was a militant atheist,false
interview with Bloomberg television,true
FY 2010 President's Budget,true
eCFR — Code of Federal Regulations,false
or Degrading Treatment of Punishment Text of International Covenant on Civil and Political Rights Text of Geneva Convention relative to the Treatment of Prisoners of War Text of Geneva Convention relative to the Protection of Civilian Persons in Time of War Text of Universal Declaration of Human Rights Jay Bybee assistant attorney general,true
BREAKING: 3 Liberal Celebrities Arrested For Conspiracy To Assassinate President Trump,false
UPDATE: Second Roy Moore Accuser Works For Michelle Obama Right NOW -,false
Obamas comments on capandtrade costs,true
Local News Headlines Hawaii,true
Press release Rep Barton Democrats stimulus will waste money abuse people and lead to unintended consequences,true
Obama: Mitt Romney refused to say whether he supports Lilly Ledbetter Act,true
"First family visits D.C. shelter, highlights homeless veterans’ plight",false
Remarks on counterterrorism at Stanford University,true
"Remarks by the President on the Economy -- Knox College, Galesburg, IL",true
"The pro-Russia, pro-weed, pro-Assange GOP congressman who will be tough to beat",false
Bowe Bergdahl wanders off during court-martial — Duffel Blog,false
U.N. Official 'Accidentally' Crushes Own Throat Right Before Testifying Against Hillary Clinton,false
Rep Mike Pence Web site,true
New York Election Results November 7,true
Bureau of Labor Statistics Data,true
CHIP Enrollment: June 2011 Data Snapshot,true
BOMBSHELL: Internet Sleuths Just Found the SMOKING GUN on Dems Planning Violence in Charlottesville,false
"In Weekly Republican Address, Boehner Calls For “New Way Forward” Focused on Creating Jobs, Cutting Spending, & Reforming Congress",true
Investigators: Anthony Bourdain Was Killed By Clinton Operatives,false
speech in Cincinnati,true
Meet Barack Obama,true
GDP and the Economy Final Estimates for the Third Quarter of 2007,true
Miss Universe Guayana 2016 arrestada con 2kilos en London Airport😱,false
BREAKING: Irish superstar Saoirse Ronan dies after on-set accident in St. Lucia,false
a director of research for the foreign policy program at the Brookings Institution,true
Clinton campaign’s claim that Trump would ‘force schools to allow guns in classrooms’,true
Clint Eastwood Leaves His Estate To The Trump 2020 Campaign,false
Web Ad A Tale of Two Mitts,true
How Donald Trump Lost the 'War on Christmas',false
Alabama State Police Arrest 3 Poll Workers In Birmingham,false
No MidOct Paycheck for Troops if Government Shuts Down Lawmaker says,true
"DONALD TRAIN NEWS: BREAKING: Rosa Parks’ Granddaughter SLAMS Racist Democrats, Endorses Trump",false
CALIFORNIA DEMOCRAT MAXINE WATERS CHARGED ON 3 COUNTS. DO YOU SUPPORT THIS?,false
“Put Palin’s WolfKilling Record on Television”,true
"Paul Ryan: “22 Million Americans Choose To Be Poor, So It’s Their Own Problem If They Can’t Afford To Be Healthy”",false
Virginia Republican Wants Schools To Check Children's Genitals Before Using Bathroom,false
"BREAKING: FBI Just Raided The White House, 6 People Thrown Out",false
public information officer for Palm Beach County Property Appraisers Office,true
Covering Young Adults Under the Affordable Care Act: The Importance of Outreach and Medicaid Expansion,true
Texas Church Shooter Was Antifa Member Who Vowed To Start Civil War,false
BREAKING: Malia Obama SUSPENDED After Racist Anti-White Attack Goes Viral,false
"Seattle Police Begin Gun Confiscations: No Laws Broken, No Warrant, No Charges",false
WE WILL RIOT! Michelle Obama’s Mom Will Receive $160k Every Year Out Of Taxpayers’ Pockets!,false
the Border Security Economic Opportunity and Immigration Modernization Act as passed by the Senate,true
President Trump Just Saved Christmas For 13 Million Retirees,false
Web Ad A Tale of Two Mitts,true
Ron Paul Praises Embattled RNC Chief Michael Steele For Leadership On Afghanistan,true
'This Week' Transcript: Rep. Paul Ryan,true
Transcripts,true
NASA Has Just Confirmed Earth Has A New Moon,false
'This Week' Transcript: Sen. Dianne Feinstein and Rep. Mike Rogers,true
"Obama for America TV Ad: ""Firms""",true
Breaking down barriers for African Americans – Hillary for America – Medium,true
CPAC 2013 - Former Governor Sarah Palin (R-AK),true
Clinton Body Count Series #5: Woman Set to Testify Against Clintons Blown Up in Home Explosion,false
Head Of NFL Fines Steeler Teammates $1 MILLION Each!,false
"Outlook, Office, Skype, Bing, Breaking News, and Latest Videos",true
'The Daily Show's' Michelle Wolf Lands Her Own Netflix Late-Night Show (Exclusive),false
Account Suspended,false
Forget Kiev. The Real Fight Will Be for Crimea,true
Mental Images,false
Taxable Estates Estate Tax Liability and Average Estate Tax Rate By Size of Gross Estate,true
Historical aggregate income by fifths and top 5 percent,true
Congress: Job Ratings,true
Donald J. Trump on the Stakes of the Election,true
"Penniless California issues IOUs to firms, clinics, taxpayers and students",true
transcript accessed via Nexis Mitt Romney Sends Taped Message to 2011 NRA Convention,true
Births: Preliminary Data for 2005,true
“Dictionary” on President Obama’s Health Care Taxes,true
Regular Session Senate Transcript,true
Transcripts,true
U.S. Senator Debbie Stabenow of Michigan,true
Remarks by the President on the Resurgence of the American Auto Industry,true
Krugman calls Senate health care bill similar to law in Massachusetts,true
“HIV VIRUS” Found In Walmart Bananas After 10 Year Old Boy Agreements The Infection,false
"UN Refugee Agency welcomes arrival of 10,000th Syrian refugee resettled to United States",true
Remarks of Senator Obama: The War We Need to Win,true
JEFFERSON DAVIS STATUE TO BE REPLACED WITH OBAMA LIKENESS,false
National Income and Product Accounts Table 175 Relation of Gross Domestic Product,true
IT BEGINS: California Appoints FIRST Illegal Alien to State Office – Trump Has Better Plan,false
"DNC TV AD: ""Trapped""",true
Obama’s Remarks at the White House Health Care Forum,true
A Preliminary Analysis of the President’s Budget and an Update of CBO’s Budget and Economic Outlook,true
"'This Week' Transcript: Goolsbee, Brown & Corker",true
The Colbert Report,true
Political TV Ad Archive » PolAd,true
"Scott Baio, Beloved Face Of Conservatism, Dies In Small Plane Crash On His Way To Visit Trump",false
Pence: “Michelle Obama Is The Most Vulgar First Lady We’ve Ever Had”,false
"Crist has experience to be vice president, McCain says",true
Political Figures: C (2),true
Babysitter on Crystal Meth Eats 3-Month-Old Baby,false
Melania Trump undergoes kidney surgery at Walter Reed medical center,false
"Bill Clinton Says He 'Never Said A Bad Word About Senator Obama,' At mtvU's First 'Editorial Board'",true
United States Department of Defense,true
US Foreign Economic and Military Aid by Major Recipient Country The New York Times,true
WATCH FULL Ted Cruz presser on new deal with Kasich (UPDATE: PART TWO ADDED),true
Snapchat is shutting down!,false
Obama Secretly Flees US – Leaves Stunning Evidence Behind,false
All Citizens Who Want to Receive Gvt Benefits Must Agree to Be Microchipped in the Near Future,false
Losing Ground Foreclosures in the Subprime Market and Their Cost to Homeowners,true
Senate Democrats news conference on the Senate Climate Action Task Force,true
"No Regrets for a Love Of Explosives; In a Memoir of Sorts, a War Protester Talks of Life With the Weathermen",true
Rep. Vern Buchanan on Twitter,true
FindArticles.com,true
05/27/99 Committee on the Judiciary,true
Democrat Maxine Waters Has Shown Up To Only 10% Of Congressional Meetings For 35 YEARS,false
Pope says that the rights of Muslim migrants trump any safety concerns that you might have with them in your country,false
Illinois General Assembly,true
"Last in Queen Elizabeth II's line of corgis dies, says British press",false
"Table of Known Nuclear Tests Worldwide, 1945-1996",true
Archbishop Desmond Tutu dies while holidaying in Texas,false
Manager killed 10 employees at checkers on 183st and 27ave,false
BREAKING! Roy Moore’s Accuser Worked for Democratic Leaders and Is Actively Campaigning for Moore’s Opponent ⋆ Activist Mommy,false
Individual Income Tax Returns Publication 1304 (Complete Report),true
Analysis of the 2008 Presidential Candidates’ Tax Plans,true
The CNN Democratic presidential debate in Texas,true
Tim Kaine's Speech in Spanish at an Arizona Rally: Read Now,true
Obama knows his way around a ballot -- chicagotribune.com,true
USA: Mysterious Nazi submarine from WWII discovered in Great Lakes!,false
"Saudi Arabia Energy Data, Statistics and Analysis",true
"GOP Task Force, Lone Democrat Eye Trafficking Law",true
Twelve More Hurricanes Headed Towards US,false
Create a Prank and trick your friends,false
CNN host Fareed Zakaria calls for jihad rape of white women,false
Public financial disclosure report,true
"Georgia Mosque KEEPS Hurricane Harvey Donations, Will Send To Syrian Refugees Instead",false
BREAKING: Supreme Court Issues Its First Bench Warrant Ever,false
A comprehensive investigation of voter impersonation finds 31 credible incidents out of one billion ballots cast,true
Nexis®: Sign In,true
"Outlook, Office, Skype, Bing, Breaking News, and Latest Videos",true
Tens of Thousands Of Scientists Declare Climate Change A Hoax,false
Robert Redford Says: Michelle And Barack Obama Should Get Five Years In Prison,false
 Actress Emma Stone ‘For the first time in history we have a president that…,false
Lisa Page Squeals: DNC Server Was Not Hacked By Russia,false
"Singer Dolly Parton: “Trump In One Year Is Already Better Than 16 Years’ of Bush, Obama ‘Put Together’, This Stupid Liberals Doing Everything To Impeach Him But We Standing With Trump now And Forever.",false
RAW DATA: Dick Cheney's Remarks to the Center for Security Policy,true
Watch a replay of Fox News' 5 p.m. presidential debate,true
School kids taught to praise Obama,true
Justices 1789 to Present,true
Barack Obama says U.S. oil production last year was highest since 2003,true
Chinese Lunar Rover Finds No Evidence Of American Moon Landings,false
Putin says: ‘Pope Francis Is Not A Man Of God’ | Must-See !!,false
Student Hasn't Stopped Filming Since Florida School Shooting,false
"Transcript: The Democratic debate in Milwaukee, annotated",true
URGENT: proposed law would charge protesters with terrorism,false
"Actress Jennifer Aniston: “Me and All The Trump Supporter Celebrities Decide To Make A Company Named “Celebrities For Trump”, Which Fight Against All Anti Trump Celebrities, I Think President Trump Ne",false
Trey Gowdy Breaks His Silence After 2 Of His Investigators Are Found Tortured And Killed…,false
MoveOn.org Political Action: 10 things to know about McCain,true
BREAKING: Fox Star Tucker Carlson In Critical Condition After Head On Collision Driving Home,false
Encounters With 'Regular Guy' Fred Thompson -- New York Magazine,true
"Hannity says Obama won't even use the term ""war on terrorism""",true
"Emma Gonzalez Bullied School Shooter, Isn’t Sorry; Then Retweets Message Blaming “White Boys’ Entitlement” As Cause Of All School Shootings",false
BOMBSHELL!! Obama Paid FBI Informant Over $1 MILLION To Do It To Trump! EVEN AFTER THE ELECTION!,false
Crime in Chicago: Explore your community,true
Change We Can Believe In,true
Bill Gates Outlines 2018 Plan To Depopulate The Planet,false
"No, We Can’t? Or Won’t?",true
"In reversal, McCain says lift ban on offshore drilling",true
John Hagee discusses Catholic Church,true
"Florida Bridge Collapse, Female Company",false
Impeachment Talk Becomes a Cynical Game,true
BREAKING ObamaLed UN Has Just Made It Official US To Immediately Pay Blacks ‘Reparations’,false
Transcript of Republican Presidential debate at the Ronald Reagan Library in Simi Valley,true
UPDATE: Van Full Of Illegals Caught Voting At Multiple Alabama Polling Locations,false
 accessed Aug 11,false
Target to Discontinue Sale of Holy Bible,false
About Bright Horizons Child Care & Family Solutions,true
TRUMP WANTS TO DEPORT AMERICAN INDIANS TO INDIA,false
Text - H.R.2122 - 106th Congress (1999-2000): Mandatory Gun Show Background Check Act,true
JUST IN: Barack Obama ARRESTED in a Japanese Drug Bust,false
Poor and the nearpoor 1959 to 2006,true
'This Week' Transcript: Former Vice President Dick Cheney,true
HillaryClinton.com,true
First Indictment Issued In Russian Bribery Case Tied To Obama-Era Uranium One Deal,false
Reps Cummings and Cole Interviewed on MSNBC,true
Target Recalls Water Absorbing Toys Due to Serious Ingestion Hazard,false
Justice Department Memos on Interrogation Techniques,true
子供たちのコト。私のコト。,true
Remarks by the President on the American Jobs Act,true
Morgan Freeman: ‘Jailing Hillary’ Best Way To ‘Restore Public Faith In Govt’,false
"Remarks by the President on Comprehensive Immigration Reform in El Paso, Texas",true
Fox News Sunday,true
ABC News: ABC News,true
"80% of black men in Atlanta are Homosexuals, study says",false
Planned Parenthood® Action Center,true
Dr. James Dobson,true
All Nobel Peace Prizes,true
Debt Day: A Symbol of Washington’s Arrogant Culture of Borrowing and Spending (Boehner Op-Ed on Townhall.com),true
Rick Santorum sworn in as Pennsylvania’s newest senator,true
BREAKING: Supreme Court Sides With Trump–This Changes Everything!,false
Las Vegas campaign rally,true
Saudi Arabia to Behead 6 School Girls for Being With Their Male Friends Without Parents or a Guardian,false
Bill Gates’ Former Doctor Says Billionaire ‘Refused To Vaccinate His Children’,false
 What Adam Sandler is saying about Mormons,false
Monthly Treasury Statement of Receipts and Outlays of the United States Government,true
MEXICO’S NEXT PRESIDENT Calls for An Invasion Of The US….,false
9 celebrities who say they'll move to Canada if Donald Trump becomes president,false
U.S. Senate: U.S. Senate Roll Call Votes 105th Congress,true
‘Americans need to stand together’: Hillary Clinton’s remarks following the Orlando shooting,true
Remarks by the President on Oil and Gas Subsidies,true
Hispanic Populations Share of Wealth Likely to Increase by 2025,true
Rand Paul: Will Donald Trump betray voters by hiring John Bolton?,true
Strong Words in Ohio as Obama and Clinton Press On,true
WarOnPoverty50,true
Ivanka Trump: Father feels 'vindicated' after Comey hearing,true
and Surpluses or Deficits as Percentages of GDP 1930–2015,true
H.R.1025 - 103rd Congress (1993-1994): Brady Handgun Violence Prevention Act,true
"David Plouffe, Sen. Joe Lieberman and Gen. Michael Hayden talk national security leaks",true
Pledge of Allegiance E-mail,true
"Impact of Senator Obama's Tax Proposals as Described by Economic Advisors on Workers, Distribution of Federal Tax Change by Cash Income Percentile, 2009",true
AFP: McCain renews attacks on Obama links to radical,true
Rebooting: You and your doctor under Obamacare,true
Thinking about writing in a candidate on Election Day? Read this before you do.,false
Jason Aldean Gig Canceled After He Sells Out To Liberals On SNL,false
National Federation of Independent Business,true
"Outlook, Office, Skype, Bing, Breaking News, and Latest Videos",true
UPDATE: Malia Obama Among 10 Arrested In Racist Antifa Attack,false
"Senator Charles Schumer NY November Midterm Elections, Nov 25 2014",true
Donald Trump to issue an executive order to ban Facebook across US,false
Hillary Clinton Furious At ‘Special Gift’ Melania Trump Sent Her From Her Hospital Bed,false
BREAKING: Mike Huckabee Just Fired!,false
 Wake Up America,false
Planned Parenthood® Action Center,true
Obama Criticizes McCain on Lobbyists,true
Radical Muslims in Australia OFFENDED That Their Children Have to Sing the National Anthem,false
Mike Pence: “Allowing Rape Victims To Have Abortions Will Lead To Women Trying To Get Raped”,false
Change We Can Believe In,true
"3,000-Pound Great White Shark Captured in Great Lakes",false
Transcripts,true
BREAKING: Trump Caught INVESTING in Dakota Pipeline Before Signing It,false
roll call on Stupak amendment,true
"Remarks by the President on the Economy -- Knox College, Galesburg, IL",true
Browse Congressional Bills,true
Interest Group Ratings,true
Patient Protection and Affordable Care Act,true
BREAKING: First NFL Team Declares Bankruptcy Over Kneeling Thugs,false
"Hurricane Irma: If There Was Such A Thing As A Category 6 Hurricane, This Would Be It",false
New Law Makes it Illegal to Shower and Do Laundry on Same Day,false
Texas law enforcement officer fatally shot upon arriving for work by 3 Muslim refugee. Do you support to deport them?,false
"Rick Santorum: By amending constitution, we can balance the budget for good",true
John McCain for President,true
Bureau of Labor Statistics Data,true
Obama: Gitmo inspires jihadists,true
Remarks by the First Lady on What Health Insurance Reform Means for Women and Families,true
remarks in Philadelphia,true
"Flight Crew Takes A Knee And Walks Off, Leaving New Orleans Saints Stranded On Runway",false
Denzel Washington hit by Facebook fake news story on Trump,false
iQ media Clip Player,true
Ted Cruz' Full 'Meet the Press' Interview,true
Sasse Statement on Trade War,true
The Democratic Debate in Cleveland,true
 If You Are Using This Toothpaste… Throw It Away Immediately Nov 28,false
Library of Congress,true
BREAKING: President Trump Just Told Paul Ryan ‘You’re Fired’,false
dailynative.us,false
Red Hen Owner Just Issued Sick Threat To Sarah Sanders After Biz Was Destroyed By Booting Her,false
"PWNED: House GOP Dominates Twitter, YouTube, Social Media in Congress",true
Rand Paul: Republicans 'Aren't Maybe Brave Enough' to Tackle Deficit,true
"CNN Shocks America, FIRES ‘Journalist’ Who Made Fun Of Sarah Sanders’ Face",false
SMOKING GUN=> San Juan Teamsters Didn't Show Up for Work to Distribute Relief Supplies,false
BREAKING: Florida Moves For FULL RECOUNT Of State Over Massive Voter Fraud (DETAILS),false
Snoop Dogg Arrested For Conspiracy After Talking About His ‘Murder Trump’ Video,false
Missing Teen-Ager Found in New Jersey,true
"Obama, Not Donald Trump, May Be Invited to Royal Wedding of Prince Harry and Meghan Markle",false
"OBAMA CANCELED IT, TRUMP REINSTATED IT – A VERY SACRED DAY IS BACK",false
"Outlook, Office, Skype, Bing, Breaking News, and Latest Videos",true
More Czars Than the Romanovs,true
The State of Working America 20067 pdf,true
BREAKING: MALIA OBAMA EXPELLED FROM HARVARD,false
Morgan Griffith says EPA treats milk spills same way as oil spills,true
"President Trump Campaigns Rick Saccone Pennsylvania, Mar 10 2018",true
Trump Gives Chaffetz The Thumbs Up For Investigating Hillary Clinton’s Email Server,false
"NYC: PHYSICIAN and Wife Jump To Death…Leave Kids Behind Because They “Can’t Afford The Health Care” Only Hours After McCain, Murkowski, Collins and EVERY Democrat Voted To Keep Obamacare -",false
"The first Trump-Clinton presidential debate transcript, annotated",true
"Bill Murray Had This to Say About Rochester, New Hampshire Residents – News Daily 12",false
Testimony on CBO’s Assessment of the Air Force’s Plan to Acquire 100 Boeing Tanker Aircraft,true
RACE FOR CITY HALL: The Republican Candidate; A Mercurial Mayor's Confident Journey,true
comments in Fayetteville NC,true
Des Moines Register,true
10 Things You Didn't Know About Nancy Pelosi,false
Job Openings and Labor Turnover Survey News Release,true
JUST IN: Sarah Palin In A Coma After Hit And Run,false
Floyd Mayweather Jr. Donates a Whopping Sum of Money to Houston After Hurricane – What You Missed,false
New York Man Wanted For Infecting 240 Men And Women With HIV!!!,false
Sen. Sanders warns of ‘frightening trend’ towards oligarchy,true
Republican response to President Barack Obamas Weekly radio address,true
Peanut Product Recall Took Company Approval,true
Financial Rescue Nears GDP as Pledges Top 128 Trillion by Mark Pittman and Bob Ivry,true
"BREAKING: British Intelligence Seizes Clinton Foundation Warehouse, $400 Million In Cash – NRTOnline",false
"Leonard Lance claims federal tax code contains 4 million words, is 7 times as long as Bible",true
Interview with Sen John McCain,true
Kurt Russel Just SHOWED Overpaid Celebs It’s Time To Shut Up About Trump – Hits Them Where It Hurts!,false
UsPostman.com is for sale (Us Postman),false
School Choice FAQ,true
Eric Trump: It would be 'foolish' for my dad to release tax returns,false
"DNC’s Donna Brazile Dedicated Her Book to ‘Patriot’ Seth Rich, Whose Death Made Her Fear for Her Own Life",false
Las Vegas Shooting Witnesses Report Multiple Gunmen Dressed as Security Guards Oct 3 2017,false
"Switchboard, from NRDC :: Barbara Finamore's Blog :: China’s Carbon Intensity Target",true
BREAKING: Shep Smith To Be Canned Because He Can’t Control His Hate For Donald Trump,false
deputy director of national health statistics in the Office of the Actuary at the Center for Medicare and Medicaid Services,true
Organizing for Action,true
The Committee on Energy and Commerce,true
WORSE THAN HITLER! Trey Gowdy’s Son Found In A Dumpster In DC! Murders Are Being Questioned!,false
412 Michigan Muslims Arrested In Fed’s ‘LARGEST BUST IN U.S. HISTORY’,false
Buzz Aldrin ‘passes UFO lie detector test leaving experts convinced that he encountered alien life’,false
2011 Text of President Barack Obama’s proposed jobs bill Email interview with Lynne Bernabei,true
Police Find 19 White Female Bodies In Freezers With “Black Lives Matter” Carved Into Skin,false
LexisNexis(R) Publisher,true
Thousands killed as Israel Drops Tactical Nuclear Bomb On Syria,false
Keeping His Word: Lowering the Cost of Medicare Prescriptions,true
当ブログでは福岡県内にある不動産会社についてさまざまな情報をまとめています。福岡市の分譲マンションやマンション経営で頼りになる企業をご紹介！,true
Pelosi urges minimum-wage hike,true
Remarks by the President on Increasing Oversight on Manipulation in Oil Markets,true
Barack Obama’s Remarks in St. Paul,true
Americas 5 Best Governors,true
Democratic Leaders Say House Democrats Are United Against GOP Default Act,true
Clinton Campaign official arrested by FBI on child rape/trafficking charges,false
Schneiderman suing Trump over DACA cites 'discriminatory animus',true
Transcript: House Majority Leader Boehner on 'FNS',true
Writers May Have Pact. Huckabee Crosses Picket Line—Again,true
Barack Obama’s Remarks in St. Paul,true
A Senate in the Gun Lobby’s Grip,true
"Employment, Hours, and Earnings from the Current Employment Statistics survey (National) Home Page",true
"Executive Order Leads to Capture of ISIS Leader, Rasheed Muhammad",false
Obama Administration Kept Illegal Mexican Kids In Detention Camps As “Experiment”,false
BREAKING: Laura Ingraham Just Fired!!,false
US Trade in Goods,true
The early catastrophe,true
"Author Offers Insights on Slavery, the Capitol, and Obama's Inauguration",true
Transcripts,true
BREAKING: Rosa Parks’ Daughter Praises Trump’s Response to Charlottesville – forfreedomworld,false
U.S. Solar Market Insight Report,true
Public Views on Health Care Overhaul Top Week's News,true
Dean Ralph Reed Fundraiser Reveals McCain Double Talk on Ethics,true
Political TV Ad Archive » PolAd,true
CONFIRMED ! JUSTICE RUTH BADER GINSBURG IS RESIGNING FROM THE POST OF ASSOCIATE JUSTICE OF THE SUPREME COURT,false
American International Group Inc Form 10K,true
"Tennessee GOP Twitter taken down, after Tweet exposing Pelosi involved in Pedophilia",false
ICE Detainer Issued for Suspected Wine Country Arsonist in Sonoma Jail,false
"3rd Democratic debate transcript, annotated: Who said what and what it meant",true
Hillary Clinton Transcript: Read Full Text of Clinton Campaign Launch,true
Debbie Wasserman Schultz Aide Arrested Trying to Flee the Country,false
Donald Trump Dead From A Fatal HEART ATTACK! — Steemit,false
Laura Ingraham wrongly says claim that 90% support for gun background checks has been debunked,true
Wilmington Regional Film Commission,false
Kim Jong Un Dead: North Koreans Calling Trump An Assassin,false
Part 1 of CNN Democratic presidential debate,true
Amendment to to declare English as the national language of the Government of the United States,true
Trump's Tough Talk on Hedge-Fund Taxes Doesn't Match His Plan,true
"Oct. 11: Levin, Graham, McCaffrey, Myers, roundtable",true
"Health Reform Carries Heavy Price, Insurers Claim",true
U.S. Senate: Supreme Court Nominations: present-1789,true
JUST IN: 45 States Just Banned Sharia Law. Do You Support This? – ChristmasGifts,false
Rep Poe Interviewed on Fox Business Network,true
Daily Fuel Gauge Report Aug 1,true
"300,000 Pounds of Counterfeit Rat Meat Has Been Sold as Chicken Wings in The U.S.",false
Keanu on Trump travel ban: 'just terrible',false
"OFFICIAL: Rudy Giuliani Officially Resigns, Trump’s Legal Team on Its Last Leg",false
"Fed Up! Our Fight to Save America from Washington, by Rick Perry",true
Who Benefits from President Trump’s Child Care Proposals,true
LexisNexis(R) Publisher,true
"MITT ROMNEY: ‘TRUMP HAS SOME VERY SERIOUS EMOTIONAL PROBLEMS, HE MUST RESIGN BEFORE WE…’",false
Twitter Caught Leaking Donald Trump's Private Messages in Undercover Sting,false
Breaking News: FBI Uncovers Evidence That 62 Million Trump Voters are All Russian Agents,false
NPC Luncheon with Eric Holder,true
Terror Suspects Are Buying Guns - and the FBI Can't Stop Them,true
The Associated Press: Obama Hits Clinton on NAFTA Support,true
Republican consultant says Barack Obama promised to halve federal deficit in his first term,true
BREAKING: Hillary Clinton Has Third Heart Attack-Docs Says She ‘Won’t Survive’,false
FBI RAIDS OBAMA – Find Massive Secret That Was Hidden For YEARS,false
Hillary Clinton Remarks at National Urban League Conference,true
Full text: Jeff Flake on Trump speech transcript,false
BREAKING: The Democrat James Comey Has Been Having An Affair With Was JUST REVEALED! (DETAILS),false
Florida passes bill legalizing recreational use of marijuana,false
"Carolyn B. Maloney on Twitter: ""Women's health & wellbeing don’t seem to count in the math of the GOP's merciless #PayMoreForLess healthcare bill. We must not defund @PPFA!… https:",true
BUSTED: Russian Mansions Obama Seized Were Meant To Be Illegal Gifts To Sasha And Malia,false
Striking it Richer The Evolution of Top Incomes in the United States update with 2007 estimates,true
Obama’s Health Care Speech to Congress,true
The Democratic Debate in Cleveland,true
"Hillary Rodham Clinton, Senator for New York: Schumer, Clinton Announce Key Senate Panel Approves Over $1.3 Million for Labor, Health and Human Services Projects in the Hudson Valley",true
Transcripts,true
BREAKING: CZECH REPUBLIC ARMS CITIZENS – “YOU CAN NOW SHOOT TERRORISTS ON SIGHT”,false
British Politician Beaten by Protestors for 'Welcoming Trump to the UK',false
Gretchen Carlson: “The 2nd Amendment Was Written Before Guns Were Invented”,false
Report on Geithners tax issues,true
"No, Sandra Bullock didn't disparage Hillary Clinton",false
"Shields and Gerson on Cabinet Noms, Gun Laws, Boehner's Leadership | PBS NewsHour | Dec. 21, 2012",true
Obama Announces Bid To Become UN Secretary General – Usa News,false
Pope Calls for World Wide Gun Confiscation Except for the UN,false
Whoopi Goldberg: Navy SEAL Widow was “Looking for Attention”,false
Rising to a New Generation of Global Challenges,true
"Donald Trump inauguration: Artists who won't perform at ceremony include Elton John, Celine Dion and John Legend",false
WHITE SUPREMACIST WHO KILLED PROTESTER IS A DEMOCRAT AND VISITED OBAMA IN OVAL OFFICE (Updated 16.08.2017) – Newsfeed – Hasslefree allsorts,false
Democratic National Convention Committee,true
Situation Syria Regional Refugee Response,true
"Most heroin in U.S. now comes across Mexican border, Rob Portman says",true
"Melania Trump: ‘If ISIS Lay A Finger On Barron, I’ll Scratch Obama’s Eyes Out’",false
Account Suspended,false
"""On and On""",true
The Texas Unmiracle,true
Trump Vows to End Winter Heating Assistance for Elderly and Disabled – Our Voice,false
"If Democrats Lose, Blame These Guys",true
McCain Blamed For Sabotaging Trump,false
Children - Obama for America TV Ad,true
DEA Just Raided A United States Senator,false
Rockefeller: An Opportunity We Cant Pass Up,true
San Juan City Council Votes Unanimously To Impeach Trump-Hating Mayor,false
"Vladimir Putin's Approval Rating Hits All-Time High, Boosted by Syria Airstrikes",true
"Romney makes pitch, hoping to close deal : Elections : The Rocky Mountain News",true
Trump on Revamping the Military: We’re Bringing Back the Draft,false
Michelle Obama Just Received LIFE-SHATTERING News From The Doctor,false
Has the potency of pot changed since President Obama was in high school?,true
"Ad says Obama apologized, showed weakness on Iran",true
Summary of the Affordable Care Act,true
New Jersey Police Chief Says Black People ‘Have No Value’ And Should All Be Executed,false
Obama Orders Life-Sized Bronze Statute of Himself To Be Permanently Installed in White House,false
Civil War Erupts In Sweden as Irate Swedes Burn Nine Muslim Refugee Centers to the Ground,false
It’s Time for the Senate to Do Its Job – Congressman Mike Honda – Medium,true
Florida Democrats Ask HHS to Protect Floridians from High Insurance Premiums in Marketplace,true
"Bill Gates: “I think Donald Trump will go down to history as one of the greatest presidents, just like Reagan.”",false
Cain said food stamp program use up under Obama,true
Political TV Ad Archive » PolAd,true
'This Week' Transcript: Hillary Clinton,true
The Colbert Report,true
NASA Will Pay You 18000 USD To Stay In Bed And Smoke Weed For 70 Straight Days,false
BREAKING: Autopsy Results From Vince Foster’s Exhumed Body–Cause Of Death To Be Changed,false
"To young people who are undocumented: This is your country, too.",true
"New York Officials Welcome Immigrants, Legal or Illegal",true
Man charged with murder after driving into anti-far-right protesters in Charlottesville,false
Monthly Budget Review,true
"9/11 families, others rally in favor of NYC mosque",true
Patient Protection and Affordable Care Act,true
Donald Trump signs a visa-free travel policy for Ghana,false
"Democrats go full TYRANNY: Now demand nationwide gun confiscation from law-abiding Americans… at gunpoint, of course",false
About Mayor Bhalla,false
Breaking: Crew Of Air Force One Refuses To Fly Obama 6000 Miles ‘Just To Play Golf’ – BuzzfeedUSA,false
BREAKING: KEN STARR’S PLANE JUST DISAPPEARED ON HIS WAY TO DC TO TESTIFY AGAINST HILLARY,false
Obama Goes To G20 Summit,false
Indictment US v Vince McMahon and Titan Sports New Haven Register,true
MoveOn.org Political Action: 10 things to know about McCain,true
Part I: CNN/YouTube Democratic presidential debate transcript,true
Attorney General Sessions Statement on Recusal,false
"Donald Trump, Billy Bush: Interview Scrambles Race",true
"Harry Reid Says GOP Should ""Stop Crying"" About Reconciliation",true
The Gingrich Tragedy,true
 BREAKING Muslims’ Disturbing Plan Comes Out After Grocery Stores Go Bare To Prepare For Irma,false
BREAKING: FBI Issues Warrant For Obama’s Arrest After Confirming Illegal Trump Tower Wiretap,false
Inquiry Sought in Hillary Clinton’s Use of Email,true
Carnival Cruise Lines will now offer FREE Cruises,false
Stephen Bannon: “Nobody Can Blame You For Beating Your Wife If It’s Out Of Love”,false
112-Year-Old Voters in North Carolina?,false
Fox News Sunday,true
"Data on Campaign Finance, Super PACs, Industries, and Lobbying",true
Breaking: Greitens Accuser Admits Photo Session May Have Been A “Dream”,false
Lance Armstrong's defiant Twitter photo shows him relaxing with seven yellow jerseys,false
'This Week' Transcript: Odierno and Chiarelli,true
Delta targeted in online free airline ticket scam,false
The Arena - Politico's daily debate with policymakers and opinion shapers,true
"Russian source behind Trump dossier killed in Russian plane crash, Rosatom CFO also dead. : conspiracy",false
Remarks by the President at CNBC Town Hall Discussion on Jobs,true
Spicer: “Trump Has The Legal Right To Cancel SCOTUS Because They Serve At His Pleasure”,false
Former presidents walk fine line in Trump’s America,false
CQ Transcriptswire > Login,true
Barasso Ready to Question Kagan,true
eCFR — Code of Federal Regulations,true
"ISIS Lays Down Arms After Katy Perry’s Impassioned Plea To ‘Like, Just Co-Exist’",false
America's Enduring Strength,true
"Key Facts: Race, Ethnicity and Medical Care",true
"Japanese Whaling Crew Eaten Alive By Killer Whales, 16 dead",false
Chuck Schumers Steamy Affair With A High School Cheerleader Confirmed,false
BREAKING: 60 People Just Found Dead In Ohio,false
Health Insurance Coverage in the United States 2015,true
Assistant professor of economics at the Gatton College of Business and Economics at University of Kentucky,true
Energy and Commerce Committee,true
"Obama Urges Bernanke, Paulson to Fight Foreclosures, Hold Homeownership Summit",true
US Representatives Promise Implement Of UN Gun-Control Plans,false
Obama addresses key concerns for Floridians,true
Information for the Nation,false
"The Hill: Op-Ed: Go natural, go nuclear",true
REP. JENKINS: OPIOID CRISIS FUNDING SHOULD BE BASED ON NEED,true
Michael Bennet for US Senate,true
Louise Slaughter on Twitter,true
Black Men Arrested In Philadelphia Starbucks Settle For $2 Million,false
BREAKING: Nancy Pelosi Was Just Taken From Her Office In Handcuffs,false
BREAKING: Conservative Icon Ted Nugent Killed In Hunting Accident,false
And we pay her a salary!.... - Judge Jeanine Pirro has Fans,false
"Latest World News, Videos & Photos -ABC News - ABC News",true
Senator Bernie Sanders on Democratic Socialism in the United States,true
BREAKING: Clinton Foundation Cargo Ship Raided At Port Of Baltimore Reveals Sick Secret,false
BREAKING: Trump Removes Muslim Federal Judge For Trying To Implement Sharia Law In America,false
Press release AIG Discloses Counterparties to CDS GIA and Securities Lending Transactions,true
"Employment, Hours, and Earnings from the Current Employment Statistics survey (National) Home Page",true
BREAKING: Barcelona Terrorist Has A Cousin In The US Named Barack,false
"Shaquille O’Neal Says: ‘Trump Is Possibly The Best President Of The President Of All Times Ever, He Is Not Afraid To…’",false
U.S. Senate: U.S. Senate Roll Call Votes 103rd Congress,true
Social Security Online History Pages,true
2007 Kaiser/HRET Employer Health Benefits Survey,true
Transcript of Wednesday's presidential debate,true
Food Standards and Labeling Policy Book,true
"'This Week' Transcript: McKay, Napolitano, Salazar and Allen",true
trueamericans.me -&nbspThis website is for sale! -&nbsptrueamericans Resources and Information.,false
Pope Francis: Gun Owners 'Can’t Call Themselves Christian' Anymore,false
Romney CPAC Speech: It's All About the Jobs,true
Facebook Picks Sides in Alabama Senate Race=> Shuts Down Gateway Pundit and Breitbart Reports on Discredited Allred Accuser,false
"Ryan's plan includes $700 billion in Medicare ""cuts,"" says Stephanie Cutter",true
Clinton Foundations Sends Water To Houston For $7 A Bottle,false
"Pope Francis At Mass: ‘Jesus Is Metaphorical, Not Literal’",false
Candidate Comparison,true
Broward County Sheriff Fired For Lying About Parkland,false
Miley Cyrus: 'Donald Trump Is a F--king Nightmare',false
Obama Criticizes McCain on Lobbyists,true
Session Law,true
Renewing Americas Promise,true
Rep Jan Schakowsky on MSNBC,true
john.he.is,true
“Gay People Should Wear Specially-Colored Clothes To Warn Straight People”,false
PolitiFact’s annotated transcript of the second presidential debate,true
Hillary Clinton Sits Down With Bill OReilly,true
Ohio student suspended for staying in class during National Walkout Day,false
"NRA President Jim Porter Falsely Accused of Saying, “It’s Only A Matter Of Time Before We Can Own Colored People Again”",false
Resource Not Available,true
Donald Trump exaggerates when he says China has 'total control' over North Korea,true
Did Bernie Sanders vote against background checks and waiting periods for gun purchases?,true
Australia Becomes First Country To Begin Microchipping Its Citizens,false
Trump Orders 13 Obama Deep State Operatives Arrested For Treason,false
"NFL Lawyer, Who Claimed Super Bowl Is ‘Rigged’, Found Dead",false
2011 Urban InstituteBrookings Institution Tax Policy Center,true
"The CNN Miami Republican debate transcript, annotated",true
BREAKING: 2 Million Rounds Of Ammo That ‘Went Missing’ Under Obama Turns Up In Enemy Hands,false
letter to Chaffetz and Cummings,true
Barack Obama says U.S. oil production last year was highest since 2003,true
"Outlook, Office, Skype, Bing, Breaking News, and Latest Videos",true
Massachusetts Department of Elementary and Secondary Education,true
Interest Group Ratings,true
Rule by Rentiers,true
Keanu Reeves Shook The World With Another POWERFUL Message,false
Transcript of Wednesday's presidential debate,true
John McCain for President,true
The Return of the Viral Email,true
Survey Results from Hays Research Group,true
Democratic National Convention,true
McCain spoke up early,true
Lady Gaga on Twitter,false
"Call 'Islamic terrorism' what it is: a threat to West, Jeb Bush says",true
Poverty 2005 Highlights,true
Kushner And Wife Ivanka Trump Were Tossed Out Of The White House — And Donald Is Cutting Them Out Of His Will!,false
"S.1591 - 104th Congress (1995-1996): A bill to prohibit campaign expenditures for services of lobbyists, and for other purposes.",true
"Outlook, Office, Skype, Bing, Breaking News, and Latest Videos",true
majorthoughts.com,false
Have You Been to Iraq — 76 Sens Say They Have by Patrick Fitzgerald,true
2011-2012 Wisconsin Legislature Documents,true
Redirect Notice,true
John Hagee Calls For “Prosecuting Women Who Say God’s Name During Intercourse”,false
BREAKING NEWS: Prince William and Harry donates $100 million to Hurricane Harvey Victims,false
Remarks by President Trump in a Listening Session on Healthcare,true
Melania Trump Hired Exorcist To ‘Cleanse White House Of Obama Demons’,false
Rep. Paul Gosar Asks Capitol Police to Arrest Illegal Immigrants Attending State of the Union,false
Rubio: “Rape Victims Should Be In Custody If There Is Suspicion That They’re Planning Abortion”,false
'This Week' Transcript: Geithner,true
FrontPage Magazine,true
House GOP Introduces Keep Terrorists Out of America Act,true
Remarks by the President in Twitter Town Hall,true
HRC Caught On Tape Laughing About Irma Wiping Out All Of Those Florida Hillbillies,false
United Airlines Flight Attendant Slaps Crying Baby During Flight,false
Information for the Nation,false
Delta Force Raids Obama Stronghold in Thailand,false
"IMPEACHMENT HINT STIRS HOUSE CLASH; Democratic Orators Spring to Roosevelt Defense, Charging 'Malice.'",true
"Smoking In Cars With Children Is Illegal Starting January 30, 2018",false
"""Give Me a Break"" Americans Against Food Taxes TV Ad 2011",true
"Bill Clinton Says He 'Never Said A Bad Word About Senator Obama,' At mtvU's First 'Editorial Board'",true
Stop Coddling the Super-Rich,true
Malia Obama Fired From Cushy Internship At Spanish Embassy,false
Remarks by the President at the Associated Press Luncheon,true
BREAKING: Illegal Muslim From Iran Arrested For Starting California Wildfire,false
Rand Paul Campaigns in Iowa for Miller-Meeks,true
2008 Presidential Election,true
BREAKING: President Trump Pardons Kim Davis,false
UPDATE: Florida Governor Rick Scott Now Listed As &#8216;Critical&#8217; After Bizarre Hurricane Cleanup Accident,false
International Energy Statistics,true
H.R.6060 - 109th Congress (2005-2006): Department of State Authorities Act of 2006,true
“Put Palin’s WolfKilling Record on Television”,true
Political TV Ad Archive » PolAd,true
Debbie Wasserman Schultz on Twitter,true
BREAKING: Black Hockey Player FIRED After Raising Fist During National Anthem,false
U.S. Department of Education Budget History,true
BREAKING: Santa Fe Killer Confesses His Love For Obama,false
Account Suspended,false
"A fake photo of Emma González went viral on the far right, where Parkland teens are villains",false
"Outlook, Office, Skype, Bing, Breaking News, and Latest Videos",true
Op-ed by President Obama: President Obama Reflects on the Impact of Title IX,true
Barack Obama says Mitt Romney condemned coal-fired power plants as killers,true
"U.S. considers 3,000 more troops for Afghanistan",true
U.S. Senate: U.S. Senate Roll Call Votes 111th Congress,true
"Ralph Nader on Barack Obama: ""It is Quite Clear He is a Corporate Candidate from A to Z""",true
"Background Briefing on GM Restructuring, May 31, 2009",true
Morgue employee cremated by mistake while taking a nap,false
Bumble Bee Foods charged after man cooked with tuna,false
Romney campaign ad,true
Remarks by the President at AFL CIO Labor Day Picnic,true
Obama Promises Abortion in Public Plan,true
Summing Summertime: Part 4,true
Barack Obama on Twitter,true
"Outlook, Office, Skype, Bing, Breaking News, and Latest Videos",true
The CNN porn scare is how fake news spreads,false
Joint DHS and ODNI Election Security Statement,true
Jimmy Carter: “Medical Marijuana Cured My Cancer”,false
"BOOM: Roy Moore Takes The Military Vote, Pulls Ahead By 5K Votes",false
White House Chef Quits Because Trump Has Only Eaten Fast Food For 6 Months,false
Mike Huckabee: Fried Squirrel Out of a Popcorn Popper,true
Let’s Not Be Civil,true
Melania Just Hit Donald Trump With Shocking Announcement He Never Saw Coming,false
MoveOn.org Political Action: 10 things to know about McCain,true
The latest political news and headlines from D.C. and beyond,true
BREAKING: Johnny Depp Taken Into Custody By Secret Service,false
Average cable TV bill cited in article on industry study,true
Man Loses His Testicles After Attempting To Smoke Weed Through A Scuba Tank,false
"Michelle Obama: ‘Florida Shooting Is Clearly Trump’s Fault, These Shootings Are Happening Constantly Since He Became Our President.We Must Protect Our Children From This Tyrant”Do You Support Her?’",false
60 Minutes Transcript,true
Family's private investigator: There is evidence Seth Rich had contact with WikiLeaks prior to death,false
BREAKING: Roy Moore’s Accuser Arrested And Charged With Falsification,false
Senate Democrats Demand Supreme Court Nominee Not Be Unduly Influenced By U.S. Constitution,false
Charleston Shooter Dylann Roof Moved to Death Row in Terre Haute Federal Prison,false
25th Amendment,true
Denzel Washington: With Trump we avoided war with Russia and Orwellian Police State,false
Police Discover Meth Lab In Back Room of Alabama Walmart,false
U.S. House Committee on Foreign Affairs,true
Debbie Wasserman Schultz on Twitter,true
"Everything you need to know about the drone debate, in one FAQ",true
Rand Paul: We Must Demilitarize the Police,true
Transcript of debate between Chris Coons and Christine ODonnell,true
LISTEN: Curious Robocall Seeks 'Damaging' Information on Moore,false
"He says universal, but it's no guarantee",true
USDA approves slaughterhouses producing horse meat for human consumption,false
Transcripts,true
Family Policy Alliance,true
Protecting Our Children from the Dangers of Smoking,true
Sarah Palin on Twitter,true
flashnewscorner.com,false
'This Week' Transcript: Adm. Mike Mullen,true
"Bill Clinton on Rush Limbaugh, His Mistakes, the Supreme Court and Middle East Peace",true
Transcript: Interview with Donald Trump,true
Transcripts,true
Gore looking to turn idle fans into activists 3year ad campaign will feature enemies united on climate,true
Transcripts,true
The Des Moines Register,true
CQ Vote Studies,true
Frequently Asked Questions,false
Romneys ProLife Conversion Myth or Reality June 14,true
VIDEO: Special Preview Of Jersey Shore In Miami!,true
"At Trump hotel site, immigrant workers wary",true
"Singer Tina Turner: “This Thanksgiving Is The First Time in 8 Years That I am Thankful For Our President, God Bless Him And His Supporters.” Do You Support To Tina ? – American President Donald J. Tru",false
"'This Week' Transcript: Hoyer, Boehner and Bill Gates",true
A Solar Grand Plan: Scientific American,true
LexisNexis(R) Publisher,true
The Kardashians donate whopping sum to Las Vegas mass shooting victims,false
"As Dems’ “Stimulus” Anniversary Nears, Americans Ask: “Where are the Jobs?”",true
REPORT: Kim Jong Un Killed In Trump’s Overnight Black Op Attack On North Korea -,false
a professor of American Studies at Lynn University,true
"NRA President David Keene Rejects White House Gun Control Approach | PBS NewsHour | Jan. 15, 2013",true
Fox News Sunday,true
BREAKING: Hillary Clinton Killed In Monster Truck Mishap,false
Fiscal Year 2011 Email interview with Todd Harrison of the Center for Strategic and Budgetary Assessments,true
"Democratic debate: Bernie Sanders really isn't as ""socialist"" as President Eisenhower",true
TG-162: Treasury Announces $68 Billion in Expected CPP Repayments,true
"Statement from FDA Commissioner Scott Gottlieb, M.D., on FDA’s ongoing efforts to help improve effectiveness of influenza vaccines",false
Trump on Prejean: Same as Obama,true
"Mitch McConnell, Alison Lundergan Grimes Have 'Sharp Differences' on Campaign Finance Rules",true
The Fact Hub,true
Hurricane Irene: ‘Photo’ of shark swimming in street is fake,false
3/8/14 Sen. Rob Portman (R-OH) delivers Weekly GOP Address on American jobs,true
International Arrest Warrant Issued for George Soros,false
U.S. Senate: U.S. Senate Roll Call Votes 108th Congress,true
John McCain for President,true
LAW PASSED: All Child Support in the United States Will End by Beginning of 2018,false
Alabama football Crimson Tide disqualified from national championship,false
"Earmark reform? 2009 spending bill contains 9,000 of them",true
Declining Business Dynamism in the United States A Look at States and Metros,true
"McCain touts 'Gang of 14,' immigration reform",true
Lady Gaga Reveals Plan To Cover Her Face Again “Until Trump Gets Fired From Office And I Feel Free Once More”,false
Tulsa School closes after brutal fire.,false
JUST IN TODAY: Trey Gowdy Is The NEW DIRECTOR Of The FBI!,false
NASA ANNOUNCED THAT IT COMMUNICATED WITH FOUR RACES OF ALIENS,false
Updated: The Facts About Hillary Clinton’s Emails,true
Obama Exclusive Concedes Senate Voteainst Raising Debt Limit Was Political,true
McDonnell Letter Urges No Delay in Virginia Offshore Energy Exploration and Development,true
"THIS IS AMAZING: In 1984, the New York Times said Trump would be our BEST president…They forgot…..",false
International Energy Statistics,true
Chairmans Mark Americas Healthy Future Act of 2009,true
Flake: “Religious tests should have no place in the Senate”,true
interview on Fox News,true
Obama’s Prime-Time Press Briefing,true
speech on the floor of the US House of Representatives,true
U.S. Senator John McCain,true
"McConnell, Webb, Jindal express uncertainty over Iran nuclear deal",true
McCain in Colorado,true
Hillary Clinton Transcript: Building the ‘Growth and Fairness Economy’,true
Remarks by the President at GOP House Issues Conference,true
Peace Through Strength and American Pride vs. “Enemy-Centric” Policy,true
Obama administration opens the door for states to seek major changes in welfaretowork law,true
White and Blue Fund ad,true
Donald Trump featured in new jihadist recruitment video,true
Delta Ticket 2017,false
"BREAKING: Trump Just Gave Every WORKING, LEGAL Man Woman And Child In The USA $612 EACH! -",false
Remarks by the President on Responsible Homeownership,true
Pastors To Protest IRS Rules on Political Advocacy,true
Laguna Beach Antifa 22m David Hogg Didn't Attend Parkland High School I Went to School With Him at Redondo Shores High School in California and He Graduated in 2015 Here He Is in Our Yearbook From 201,false
Biden Issues Statement Following Conversation with Musharraf,true
UPDATE: Hillary Clinton Leaves The Country As Mueller Indictment Is Announced,false
Transcript: Blue-Ribbon Panel on Health Care,true
"Mom applies a remedy to her baby, moments later he dies. Be careful with this, moms!",false
H1N1 vaccinations to be offered to Guantanamo Bay detainees,true
The full transcript of the third presidential debate,true
Kerry-McCain: Welcome To Massachusetts!,true
"Hillary Rodham Clinton, Senator for New York: Floor Speech of Senator Hillary Rodham Clinton on S.J. Res. 45, A Resolution to Authorize the Use of United States Armed Forces Against Iraq",true
U.S. Army's Involvement in Motorsports,true
Public Citizen,true
"BOMBSHELL: COMEY KNEW MURDERED DNC STAFFER, SETH RICH, WAS WIKILEAKS SOURCE & COVERED IT UP FOR HILLARY",false
"Romney For President Launches New Television Ad, ""Remember""",true
Trump’s Top Scientist Pick: “Scientists Are Just Dumb Regular People That Think Dinosaurs Existed And The Earth Is Getting Warmer”,false
'This Week' Transcript: Gen. Jim Jones (Ret.),true
Israel should welcome Rouhani's election victory,true
"Care Without Coverage: Too Little, Too Late",true
REMARKS BY THE PRESIDENT AND FIRST LADY AT A CAMPAIGN EVENT,true
The Tonight Show with Jay Leno,true
Statement by the President,true
Testimony on the Alternative Minimum Tax,true
Statement by the President,true
Video Interview with Howard Dean,true
You are being redirected...,false
"I’ll Make Sure you are Jailed- Donald Trump Tells Ghana’s Prez Mahama ⋆ Ghana Home, Ghana News, Politics, Info, News on Ghana, Ghana",false
2011 Urban Institute and the Blue Cross Blue Shield of Massachusetts Foundation,true
Rep. Ross: We need to get government running again,true
Fox News accidentally puts up a poll graphic that shows how they are the least trusted network,false
The Democratic Debate in Cleveland,true
TPMtv Extra: South Carolina Ronald Reagan Debate,true
TRUMP APPROVAL RATING Better than Obama and Reagan at Same Point in their Presidencies,false
Trump Votes For Death Penalty For Being Gay,false
First Presidential Debate,true
Obama Demands Investigation into Subprime Loan Discrimination,true
Warren Buffett says the super-rich pay lower tax rates than others,true
Transcript: Bob Barr on 'FOX News Sunday',true
Resource Not Available,true
China's Space Threat: How Missiles Could Target U.S. Satellites,true
One in Four – Congressman Joe Pitts – Medium,true
"Letter to the Honorable John Boehner providing an estimate for H.R. 6079, the Repeal of Obamacare Act",true
Q&A: Did slaves build the White House?,true
"Police Officers, Firefighters and Others Get Hit with Tax Penalty",false
In Obama's Words,true
United States Senator Jim DeMint,true
Transcripts,true
Iranian Official Drops Bombshell: Obama Secretly Gave Citizenship to 2500 Iranians as Part of Nuke Deal,false
2008 Presidential Election,true
Neon Nettle,false
Clinton Email: We Must Destroy Syria For Israel,false
Expanding Opportunity — #KempForum16 – Paul Ryan – Medium,true
Notice: Data not available: U.S. Bureau of Labor Statistics,true
'This Week' Transcript: Target Libya,true
Mueller Will Be Forced To Resign Over Pelosi Affair,false
Wife of Las Vegas massacre victim: ‘He saved my life and lost his’,false
Biden raises possibility of 2020 presidential bid,false
Jim DeMint on Twitter,true
Inside a Fake News Sausage Factory: ‘This Is All About Income’,false
Marco Rubio says Ted Cruz voted for defense cuts in Rand Paul's budget proposal,true
McCain-Palin 2008,true
McCain’s Death Bed Secret Just Came Out About Who He Killed After Skeleton Suddenly Resurfaces,false
WE CALLED IT! Gloria Allred Accuser **ADMITS** She Tampered With Roy Moore's Yearbook 'Signature' (VIDEO),false
Senate Report Admits Clinton ‘Gifted’ Children To Human Traffickers,false
2011 via CQ subscribers only Tax Foundation,true
Secret Service Agent Says Obama Is Muslim & Gay In New Tell-All Book,false
Is The End In Sight For Supermax?,true
Memory Lapse? Trump Seeks Distance From 'Advisor' With Past Ties to Mafia,true
Contact Support,false
BREAKING: Sasha Obama Just Crashed Her Expensive New Car Into A Lake,false
The Economic Burden Caused by Tax Code Complexity,true
AUTOS: The Dinosaur Hunter,true
Paul Ryan: “Donald Trump Plans To Resign From Office Within The Next 30 Days”,false
The Daily Show with Trevor Noah,true
'This Week' Transcript: Biden,true
Memorial Day,true
Rick Perry says he switched to GOP at a younger age than Reagan did,true
"Kasich: “If A Woman Is Not Intelligent Enough To Keep Her Legs Closed, How Can We Entrust The Abortion Decision To Her?”",false
Laws Affecting Reproductive Health and Rights: 2013 State Policy Review,true
Actress Sandra Bullock to Hillary Clinton if You Don't Like Our President You Can Leave and Never Come Back Again You Are One Jealous Woman Who Ls Nothing to Compare With Trump I Hope He Will Arrest Y,false
"Haiti Official Getting Ready To Testify Against Clinton Foundation Corruption NEXT WEEK, Found DEAD With “Gunshot to the head”",false
"Liberal Women Hate Me Because Of My “Striking Beauty And Intellect”, Says Kellyanne Conway",false
"Before leaving governor’s office in 2006, Mitt Romney’s staff eliminated e-mail records",true
ни чего нового как правильно,false
Julia Roberts Claims ‘Michelle Obama Isn’t Fit to Clean Melania’s Toilet’,false
Text of H.R. 3338 (107th): Department of Defense and Emergency Supplemental Appropriations for Recovery from and Response to ... (Passed Congress version),true
BREAKING: US comedian Kevin Hart in critical condition after gory car crash,false
"Current-Law Distribution of Federal Taxes By Cash Income Percentiles, 2007",true
"Outlook, Office, Skype, Bing, Breaking News, and Latest Videos",true
Pope Francis To Followers: “Koran And Holy Bible Are The Same”,false
"As Americans Save Money, their Government Spends with Reckless Abandon",true
BREAKING: Trump Just Ended Welfare For One HUGE Group For 5 Years! – Let The Riots ERUPT!,false
TSA: Frequently Asked Questions,true
Congressman Pence Discusses House Republican Energy Bill on MSNBC's Morning Joe,true
Why the Public Option Isn't the Only Answer to Health-Care Reform,true
Hillary In Hiding As Police Discover Dead Body Hidden In Huma Abedin’s Dumpster,false
Obamacare vs. the Catholic bishops,true
Computer Models Show IRMA Destroying New York City On Sept. 10,false
Congressman Allen West : Final Weekly Wrapup,true
'This Week' Transcript: Pelosi and Gates,true
Already a lost decade: Working-age household income down more than 10% since 2000,true
ICE removal key goal of Democrats in 2020 election,false
Donald Trump Sets Conditions for Defending NATO Allies Against Attack,true
Transcript Briefing by Press Secretary Robert Gibbs,true
"FOX Network Picks Up ‘Roseanne,’ Saying It Has No Problem With Occasional Racism – The Newly Press News Network – POTUS Press Network",false
Families Facing Tax Increases Under Trump's Tax Plan,true
DONALD TRUMP PRAISES COLONEL SANDERS FOR HIS SERVICE IN THE CIVIL WAR Manny Schewitz O 2 Days Ago Off the Wire Speaking to Our Intern Dave Robicheaux Who Is Paid in Facebook Likes Trump Insisted Col H,false
American News is under construction,false
SECRET VIDEO: Romney Tells Millionaire Donors What He REALLY Thinks of Obama Voters,true
Card Penalty Fees Soften Slightly In 2010,true
OBAMA’S PRIVATE ‘SECURITY’ COMPANY SETS UP MASSIVE CAMPS OUTSIDE 3 MAJOR CITIES,false
FDIC: FIL-14-2005: Revised Examination Guidance,true
Infrastructure Report Card 2005,true
Rep. Michael McCaul (R-TX) Appears on Face the Nation,true
John McCain,true
"Fact-Check: No, Fall River, Massachusetts, Was Not ‘Built by Immigrants’",false
letter filed on behalf of Sen Barack Obama and the Obama Exploratory Committee,true
A Trump fan was just charged with trying to murder Maxine Waters on same day Trump threatened her,false
Court Orders Obama To Pay $400 Million In Restitution,false
CBOs Estimate of the Effects on Direct Spending and Revenues of the House Amendments to the Senate Amendments to HR 976 the Childrens Health Insurance Program Reauthorization Act of 2007,true
The Obameter: Introduce a comprehensive immigration bill in the first year,true
Sale of the Etch A Sketch Brand,true
"Outlook, Office, Skype, Bing, Breaking News, and Latest Videos",true
"The hacked emails at the center of Mueller’s Russia investigation, explained",false
Clinton Foundation Largest Unprosecuted Charity Fraud in History-Charles Ortel,false
Could Trump Win The Nobel Peace Prize? Peace in Korean Peninsula Would Be Significant Foreign Policy Achievement,false
"Sec. John Kelly on Manchester investigation, keeping America safe",true
"Most heroin in U.S. now comes across Mexican border, Rob Portman says",true
Remarks by the President on a New Strategy for Afghanistan and Pakistan,true
Who is affected by the government shutdown?,false
Hillary Clinton says guns exceed next nine categories as leading cause of death for young black men,true
The Budget and Economic Outlook: Fiscal Years 2009 to 2019,true
Obama’s Tax- Skipping – Audit Shows Millions In Offshore Accounts,false
"Queen Elizabeth Says: “Muslim Refugees Are Dividing Nationality, I Fully Agree With Donald Trump We Should…”(VIDEO)",false
Eric Schneiderman Helped NXIVM Sell Child Sex Slaves To The Clintons,false
"Department of Homeland Security Appropriations Act, 2007 (2006; 109th Congress H.R. 5441)",true
Mike Gravel 2008,true
‘Smallville’ Star Confesses She Sold Children To Rothschilds And Clintons,false
Democratic National Convention Committee,true
STUNNING! Democrats BOO and GROAN at Trump Mention of Murder Victims of MS-13 Killers (VIDEO),false
President Trump Underscores US-Jamaica Relations,false
BUSTED: Obama is Holding Secret Meetings to OVERTAKE the White House,false
Sanders Supports Gun Safety Bill,true
"South African firm ordered to lay off 3,389 white employees",false
Vets for Trump Facebook page,false
BREAKING: Monica Lewinsky Found Dead In Roslindale,false
Administration Is Seeking $700 Billion for Wall Street,true
"Inside the Snapchat bloodbath: 60 minutes of terror which left 17 dead, bodies in classrooms and kids 'full of blood'",false
Topic A: How Can President Obama Regain His Political Footing?,true
"""One Hundred Percent"" by Club for Growth Action",true
"Transcript of second McCain, Obama debate",true
Senate begins health care debate amid calls for tort reforms,true
"Remarks by the President at Campaign Event -- Colorado Springs, CO",true
U.S. Senate: U.S. Senate Roll Call Votes 110th Congress,true
State Of Minnesota Has Just Handed Over FULL CONTROL To Muslims So They Can Take Down ‘Infidels’,false
"Nancy Pelosi, Wicked Witch of the West",true
"Washington Post: Breaking News, World, US, DC News & Analysis",true
"Preliminary Analysis of the Chairman’s Mark for the America’s Healthy Future Act, as Amended",true
Transcript of AP interview with Trump,true
State of the Union 2013,true
Public Campaign Action Fund,true
"NASA Will Pay You $100,000 To Stay In Bed For 60 Days!",false
BREAKING: Nancy Pelosi To Resign After New Revelations – NRTOnline,false
Des Moines Register,true
Fox News' Shepard Smith: 'Why is it lie after lie after lie?' on Russia meeting,false
by Mark Halperin,true
BREAKING: Hilary Clinton Filed For Divorce In New York Courts!,false
"For Education Secretary, Stimulus Means Dollars and Risk",true
WHOA! YouTube Witness Makes SHOCKING Admission On LIVE TV! CNN PULLS PLUG IMMEDIATELY! — ShareRED,false
Town Hall Meeting in Derry NH,true
"National Guard Storms Mexico Border, Makes Game-Changing Impact In Just 30 Days",false
President Barack Obama in Portsmouth Town Hall,true
Puerto Rico Mayor Facing Fraud Charges Over $3M In Federal Disaster Relief,false
Malia Obama Arrested With A Gang Of Thugs In Chicago,false
"Employment, Hours, and Earnings from the Current Employment Statistics survey (National) Home Page",true
HOLLYWOOD CELEBS: WE WILL GO ON ‘TOTAL STRIKE’ IF TRUMP DOES NOT RESIGN,false
testimony submitted to the Congressional Oversight Panel’s hearing on the TARPs impact on financial stability,true
Palin tries new tactic to unload hated jet: Gov. Sarah Palin background,true
